--TABLE

--Chi nhanh quan ly tuyen tau
CREATE TABLE CHI_NHANH_QL
(
	MA_CN CHAR(4) PRIMARY KEY,
	TEN_CN VARCHAR2(100),
	DIA_CHI VARCHAR2(100)
);

--Ga
CREATE TABLE GA
(
	MA_GA CHAR(4) PRIMARY KEY,
	TEN_GA VARCHAR2(100),
	VI_TRI VARCHAR2(100),
	TINH_TRANG_GA VARCHAR2(100)
);

--Tuyen tau
CREATE TABLE TUYEN_TAU_QL
(
	MA_TUYEN CHAR(4) PRIMARY KEY,
	MA_CN CHAR(4),
	TINH_TRANG_TUYEN VARCHAR2(100)
);

CREATE TABLE TUYEN_TAU_NV
(
    MA_TUYEN CHAR(4) PRIMARY KEY,
	TEN_TUYEN VARCHAR2(100),
	MA_GA_XUAT_PHAT CHAR(4),
	MA_GA_KET_THUC CHAR(4),
	LOAI_TUYEN VARCHAR2(100),
	GIA_TUYEN NUMBER(19,4),
	THOI_GIAN_BAT_DAU VARCHAR2(100),
	THOI_GIAN_KET_THUC VARCHAR2(100),
	THOI_GIAN_CHO VARCHAR2(100)
);

--Tuyen toc hanh
CREATE TABLE TUYEN_TOC_HANH
(
	MA_TUYEN CHAR(4) PRIMARY KEY,
	DUNG_TRAM NUMBER(1)
);

--Diem dung
CREATE TABLE DIEM_DUNG
(
  	MA_GA CHAR(4) ,
  	MA_TUYEN CHAR(4),
  	THOI_GIAN_DUNG VARCHAR2(100),
  	CONSTRAINT PK_DIEM_DUNG PRIMARY KEY (MA_GA, MA_TUYEN)
);

--Ve
CREATE TABLE VE
(
  	MA_VE CHAR(4) PRIMARY KEY,
  	TRI_GIA NUMBER(19,4),
  	MA_TUYEN CHAR(4),
  	NGAY_MUA DATE,
  	MA_KH CHAR(4),
  	MA_NV CHAR(4),
  	LOAI_VE VARCHAR2(100)
);

--Ve thuong
CREATE TABLE VE_THUONG
(
  	MA_VE CHAR(4) PRIMARY KEY,
  	THOI_DIEM_DUNG_VE DATE,
  	TINH_TRANG_VE	VARCHAR2(100),
  	MA_KH CHAR(4)
);

--Ve thang
CREATE TABLE VE_THANG
(
  	MA_VE CHAR(4) PRIMARY KEY,
  	SO_LAN_SU_DUNG INT,
  	TINH_TRANG_VE VARCHAR2(100),
  	NGAY_BAT_DAU DATE,
  	NGAY_KET_THUC DATE,
  	MA_KH CHAR(4)
);

--Thoi diem su dung
CREATE TABLE THOI_DIEM_SU_DUNG
(
  	MA_TD  INT GENERATED ALWAYS AS IDENTITY(START WITH 1 INCREMENT BY 1) PRIMARY KEY,	
  	MA_VE CHAR(4),
  	NGAY DATE
);

--Nhan vien
CREATE TABLE NHAN_VIEN
(
  	MA_NV CHAR(4) PRIMARY KEY,
  	HO_TEN VARCHAR2(100),
  	DIA_CHI VARCHAR2(100),
  	SO_DT VARCHAR2(100),
  	LUONG NUMBER(19,4),
  	MA_CN CHAR(4)
);

--Khach hang
CREATE TABLE KHACH_HANG
(
  	MA_KH CHAR(4) PRIMARY KEY,
  	HO_TEN VARCHAR2(100),
  	SDT VARCHAR2(100),
  	CMND VARCHAR2(100),
  	LOAI_KH VARCHAR2(100)
);

--FOREIGN KEY

--Tuyen tau quan ly
ALTER TABLE TUYEN_TAU_QL ADD FOREIGN KEY(MA_CN) REFERENCES CHI_NHANH_QL(MA_CN);

--Tuyen tau nhan vien

ALTER TABLE TUYEN_TAU_NV ADD FOREIGN KEY(MA_GA_XUAT_PHAT) REFERENCES GA(MA_GA);
ALTER TABLE TUYEN_TAU_NV ADD FOREIGN KEY(MA_GA_KET_THUC) REFERENCES GA(MA_GA);

--Nhan vien
ALTER TABLE NHAN_VIEN ADD FOREIGN KEY(MA_CN) REFERENCES CHI_NHANH_QL(MA_CN);

--Tuyen toc hanh
ALTER TABLE TUYEN_TOC_HANH ADD FOREIGN KEY(MA_TUYEN) REFERENCES TUYEN_TAU_QL(MA_TUYEN);
ALTER TABLE TUYEN_TOC_HANH ADD FOREIGN KEY(MA_TUYEN) REFERENCES TUYEN_TAU_NV(MA_TUYEN);

--Ve
ALTER TABLE VE ADD FOREIGN KEY(MA_TUYEN) REFERENCES TUYEN_TAU_QL(MA_TUYEN);
ALTER TABLE VE ADD FOREIGN KEY(MA_TUYEN) REFERENCES TUYEN_TAU_NV(MA_TUYEN);
ALTER TABLE VE ADD FOREIGN KEY(MA_KH) REFERENCES KHACH_HANG(MA_KH);
ALTER TABLE VE ADD FOREIGN KEY(MA_NV) REFERENCES NHAN_VIEN(MA_NV);

--Diem dung
ALTER TABLE DIEM_DUNG ADD FOREIGN KEY(MA_GA) REFERENCES GA(MA_GA);
ALTER TABLE DIEM_DUNG ADD FOREIGN KEY(MA_TUYEN) REFERENCES TUYEN_TAU_QL(MA_TUYEN);
ALTER TABLE DIEM_DUNG ADD FOREIGN KEY(MA_TUYEN) REFERENCES TUYEN_TAU_NV(MA_TUYEN);

--Ve thuong
ALTER TABLE VE_THUONG ADD FOREIGN KEY(MA_VE) REFERENCES VE(MA_VE);
ALTER TABLE VE_THUONG ADD FOREIGN KEY(MA_KH) REFERENCES KHACH_HANG(MA_KH);

--Ve thang
ALTER TABLE VE_THANG ADD FOREIGN KEY(MA_KH) REFERENCES KHACH_HANG(MA_KH);
ALTER TABLE VE_THANG ADD FOREIGN KEY(MA_VE) REFERENCES VE(MA_VE);

--Thoi diem su dung
ALTER TABLE THOI_DIEM_SU_DUNG ADD FOREIGN KEY(MA_VE) REFERENCES VE_THANG(MA_VE);

--CONSTRAINT

--Ga
ALTER TABLE GA ADD CHECK (TINH_TRANG_GA IN ('Binh Thuong', 'Dang Sua Chua', 'Ngung Hoat Dong'));

--Tuyen tau quan ly
ALTER TABLE TUYEN_TAU_QL ADD CHECK (TINH_TRANG_TUYEN IN('Hoat Dong', 'Khong Hoat Dong'));

--Tuyen tau nhan vien

ALTER TABLE TUYEN_TAU_NV ADD CHECK (GIA_TUYEN >=25000);
ALTER TABLE TUYEN_TAU_NV ADD CHECK (LOAI_TUYEN IN ('Tuyen Thuong', 'Tuyen Toc Hanh'));

--Khach hang
ALTER TABLE KHACH_HANG ADD CHECK (LOAI_KH IN('HS-SV', 'Nguoi cao tuoi (>65)', 'Tre em (5-10)', 'Tre nho (<5)', 'Nguoi khuyet tat'));

--Vé
ALTER TABLE VE ADD CHECK (LOAI_VE IN('Ve Thuong', 'Ve Thang'));
ALTER TABLE VE_THUONG ADD CHECK (TINH_TRANG_VE IN('Da Su Dung', 'Chua Su Dung'));
ALTER TABLE VE_THANG ADD CHECK (TINH_TRANG_VE IN('Con Han', 'Het Han'));

--INSERT DATA

--TABLE CHI_NHANH_QL

INSERT INTO CHI_NHANH_QL(MA_CN,TEN_CN, DIA_CHI) VALUES ('CN02', 'Chi nhanh 2', '369 Le Duan - TP.HCM');

--TABLE GA

INSERT INTO GA(MA_GA, TEN_GA, VI_TRI, TINH_TRANG_GA) VALUES ('GA01','Ben Thanh','Cho Ben Thanh','Binh Thuong');
INSERT INTO GA(MA_GA, TEN_GA, VI_TRI, TINH_TRANG_GA) VALUES ('GA02','Suoi Tien','Suoi Tien','Binh Thuong');
INSERT INTO GA(MA_GA, TEN_GA, VI_TRI, TINH_TRANG_GA) VALUES ('GA03','Nha Hat Thanh Pho','Ben Nghe','Binh Thuong');
INSERT INTO GA(MA_GA, TEN_GA, VI_TRI, TINH_TRANG_GA) VALUES ('GA04','Ba Son','Ben Nghe','Binh Thuong');
INSERT INTO GA(MA_GA, TEN_GA, VI_TRI, TINH_TRANG_GA) VALUES ('GA05','Thao Dien','Binh Thanh','Binh Thuong');
INSERT INTO GA(MA_GA, TEN_GA, VI_TRI, TINH_TRANG_GA) VALUES ('GA06','Hiep Binh Phuoc','Thu Duc','Binh Thuong');
INSERT INTO GA(MA_GA, TEN_GA, VI_TRI, TINH_TRANG_GA) VALUES ('GA07','Thao Cam Vien','Quan 1','Binh Thuong');
INSERT INTO GA(MA_GA, TEN_GA, VI_TRI, TINH_TRANG_GA) VALUES ('GA08','Khu Cong Nghe Cao','Thu Duc','Binh Thuong');
INSERT INTO GA(MA_GA, TEN_GA, VI_TRI, TINH_TRANG_GA) VALUES ('GA09','Ben Xe Mien Tay','Binh Tan','Binh Thuong');
INSERT INTO GA(MA_GA, TEN_GA, VI_TRI, TINH_TRANG_GA) VALUES ('GA10','Ben Xe Mien Dong Moi','Quan 9','Binh Thuong');
INSERT INTO GA(MA_GA, TEN_GA, VI_TRI, TINH_TRANG_GA) VALUES ('GA11','Tan Cang','Binh Thanh','Binh Thuong');
INSERT INTO GA(MA_GA, TEN_GA, VI_TRI, TINH_TRANG_GA) VALUES ('GA12','Ben Xe Can Giuoc Moi','Binh Chanh','Binh Thuong');
INSERT INTO GA(MA_GA, TEN_GA, VI_TRI, TINH_TRANG_GA) VALUES ('GA13','Tinh lo 7','Cu Chi','Binh Thuong');
INSERT INTO GA(MA_GA, TEN_GA, VI_TRI, TINH_TRANG_GA) VALUES ('GA14','Tan Kien','Binh Chanh','Binh Thuong');
INSERT INTO GA(MA_GA, TEN_GA, VI_TRI, TINH_TRANG_GA) VALUES ('GA15','Cong Hoa','Quan 3','Binh Thuong');
INSERT INTO GA(MA_GA, TEN_GA, VI_TRI, TINH_TRANG_GA) VALUES ('GA16','Hoang Van Thu','Tan Binh','Binh Thuong');
INSERT INTO GA(MA_GA, TEN_GA, VI_TRI, TINH_TRANG_GA) VALUES ('GA17','San bay Tan Son Nhat','Tan Binh','Binh Thuong');
INSERT INTO GA(MA_GA, TEN_GA, VI_TRI, TINH_TRANG_GA) VALUES ('GA18','Phu Lam','Quan 6','Binh Thuong');
INSERT INTO GA(MA_GA, TEN_GA, VI_TRI, TINH_TRANG_GA) VALUES ('GA19','Ba Queo','Tan Binh','Binh Thuong');
INSERT INTO GA(MA_GA, TEN_GA, VI_TRI, TINH_TRANG_GA) VALUES ('GA20','Thu Thiem','Thu Duc','Binh Thuong');

--TABLE TUYEN_TAU_QL

INSERT INTO TUYEN_TAU_QL(MA_TUYEN, MA_CN, TINH_TRANG_TUYEN) VALUES ('TT11','CN02','Hoat Dong');
INSERT INTO TUYEN_TAU_QL(MA_TUYEN, MA_CN, TINH_TRANG_TUYEN) VALUES ('TT12','CN02','Hoat Dong');
INSERT INTO TUYEN_TAU_QL(MA_TUYEN, MA_CN, TINH_TRANG_TUYEN) VALUES ('TT13','CN02','Hoat Dong');
INSERT INTO TUYEN_TAU_QL(MA_TUYEN, MA_CN, TINH_TRANG_TUYEN) VALUES ('TT14','CN02','Hoat Dong');
INSERT INTO TUYEN_TAU_QL(MA_TUYEN, MA_CN, TINH_TRANG_TUYEN) VALUES ('TT15','CN02','Hoat Dong');
INSERT INTO TUYEN_TAU_QL(MA_TUYEN, MA_CN, TINH_TRANG_TUYEN) VALUES ('TT16','CN02','Hoat Dong');
INSERT INTO TUYEN_TAU_QL(MA_TUYEN, MA_CN, TINH_TRANG_TUYEN) VALUES ('TT17','CN02','Hoat Dong');
INSERT INTO TUYEN_TAU_QL(MA_TUYEN, MA_CN, TINH_TRANG_TUYEN) VALUES ('TT18','CN02','Hoat Dong');
INSERT INTO TUYEN_TAU_QL(MA_TUYEN, MA_CN, TINH_TRANG_TUYEN) VALUES ('TT19','CN02','Hoat Dong');
INSERT INTO TUYEN_TAU_QL(MA_TUYEN, MA_CN, TINH_TRANG_TUYEN) VALUES ('TT20','CN02','Hoat Dong');

--TABLE TUYEN_TAU_NV

INSERT INTO TUYEN_TAU_NV(MA_TUYEN, TEN_TUYEN, MA_GA_XUAT_PHAT, MA_GA_KET_THUC, LOAI_TUYEN, GIA_TUYEN, THOI_GIAN_BAT_DAU, THOI_GIAN_KET_THUC, THOI_GIAN_CHO) VALUES ('TT11','Thu Thiem - Tinh lo 7','GA20','GA13','Tuyen Toc Hanh','40000','6:00 ','18:00','10 Phut');
INSERT INTO TUYEN_TAU_NV(MA_TUYEN, TEN_TUYEN, MA_GA_XUAT_PHAT, MA_GA_KET_THUC, LOAI_TUYEN, GIA_TUYEN, THOI_GIAN_BAT_DAU, THOI_GIAN_KET_THUC, THOI_GIAN_CHO) VALUES ('TT12','Hoang Van Thu - San bay Tan Son Nhat','GA16','GA17','Tuyen Thuong','45000','5:30','17:30','15 Phut');
INSERT INTO TUYEN_TAU_NV(MA_TUYEN, TEN_TUYEN, MA_GA_XUAT_PHAT, MA_GA_KET_THUC, LOAI_TUYEN, GIA_TUYEN, THOI_GIAN_BAT_DAU, THOI_GIAN_KET_THUC, THOI_GIAN_CHO) VALUES ('TT13','Phu Lam - Ba Queo','GA18','GA19','Tuyen Thuong','25000','6:00','18:00','5 Phut');
INSERT INTO TUYEN_TAU_NV(MA_TUYEN, TEN_TUYEN, MA_GA_XUAT_PHAT, MA_GA_KET_THUC, LOAI_TUYEN, GIA_TUYEN, THOI_GIAN_BAT_DAU, THOI_GIAN_KET_THUC, THOI_GIAN_CHO) VALUES ('TT14','Ben Thanh - Tan Kien','GA01','GA14','Tuyen Thuong','45000','5:00 ','17:00','10 Phut');
INSERT INTO TUYEN_TAU_NV(MA_TUYEN, TEN_TUYEN, MA_GA_XUAT_PHAT, MA_GA_KET_THUC, LOAI_TUYEN, GIA_TUYEN, THOI_GIAN_BAT_DAU, THOI_GIAN_KET_THUC, THOI_GIAN_CHO) VALUES ('TT15','Tan Cang - Ben Xe Can Giuoc Moi','GA11','GA12','Tuyen Toc Hanh','30000','6:00','18:00','10 Phut');
INSERT INTO TUYEN_TAU_NV(MA_TUYEN, TEN_TUYEN, MA_GA_XUAT_PHAT, MA_GA_KET_THUC, LOAI_TUYEN, GIA_TUYEN, THOI_GIAN_BAT_DAU, THOI_GIAN_KET_THUC, THOI_GIAN_CHO) VALUES ('TT16','San bay Tan Son Nhat - Ben Xe Mien Dong Moi','GA17','GA10','Tuyen Thuong','35000','6:30 ','18:30','10 Phut');
INSERT INTO TUYEN_TAU_NV(MA_TUYEN, TEN_TUYEN, MA_GA_XUAT_PHAT, MA_GA_KET_THUC, LOAI_TUYEN, GIA_TUYEN, THOI_GIAN_BAT_DAU, THOI_GIAN_KET_THUC, THOI_GIAN_CHO) VALUES ('TT17','Thu Thiem - Nha Hat Thanh Pho','GA20','GA03','Tuyen Toc Hanh','30000','6:00','18:00','15 Phut');
INSERT INTO TUYEN_TAU_NV(MA_TUYEN, TEN_TUYEN, MA_GA_XUAT_PHAT, MA_GA_KET_THUC, LOAI_TUYEN, GIA_TUYEN, THOI_GIAN_BAT_DAU, THOI_GIAN_KET_THUC, THOI_GIAN_CHO) VALUES ('TT18','Hiep Binh Phuoc - Cong Hoa','GA06','GA15','Tuyen Thuong','30000','5:00 ','17:00','10 Phut');
INSERT INTO TUYEN_TAU_NV(MA_TUYEN, TEN_TUYEN, MA_GA_XUAT_PHAT, MA_GA_KET_THUC, LOAI_TUYEN, GIA_TUYEN, THOI_GIAN_BAT_DAU, THOI_GIAN_KET_THUC, THOI_GIAN_CHO) VALUES ('TT19','Phu Lam - Thao Dien','GA18','GA05','Tuyen Thuong','35000','5:30','17:30','10 Phut');
INSERT INTO TUYEN_TAU_NV(MA_TUYEN, TEN_TUYEN, MA_GA_XUAT_PHAT, MA_GA_KET_THUC, LOAI_TUYEN, GIA_TUYEN, THOI_GIAN_BAT_DAU, THOI_GIAN_KET_THUC, THOI_GIAN_CHO) VALUES ('TT20','Ben Xe Can Giuoc Moi - Ben Xe Mien Tay','GA12','GA09','Tuyen Toc Hanh','50000','5:30','17:30','10 Phut');

--TABLE TUYEN_TOC_HANH

INSERT INTO TUYEN_TOC_HANH(MA_TUYEN,DUNG_TRAM) VALUES ('TT11',1);
INSERT INTO TUYEN_TOC_HANH(MA_TUYEN,DUNG_TRAM) VALUES ('TT15',1);
INSERT INTO TUYEN_TOC_HANH(MA_TUYEN,DUNG_TRAM) VALUES ('TT17',1);
INSERT INTO TUYEN_TOC_HANH(MA_TUYEN,DUNG_TRAM) VALUES ('TT20',1);

--TABLE DIEM_DUNG

INSERT INTO DIEM_DUNG(MA_GA,MA_TUYEN,THOI_GIAN_DUNG) VALUES ('GA10','TT11','10 phut');
INSERT INTO DIEM_DUNG(MA_GA,MA_TUYEN,THOI_GIAN_DUNG) VALUES ('GA11','TT11','10 phut');
INSERT INTO DIEM_DUNG(MA_GA,MA_TUYEN,THOI_GIAN_DUNG) VALUES ('GA12','TT12','10 phut');
INSERT INTO DIEM_DUNG(MA_GA,MA_TUYEN,THOI_GIAN_DUNG) VALUES ('GA13','TT13','10 phut');
INSERT INTO DIEM_DUNG(MA_GA,MA_TUYEN,THOI_GIAN_DUNG) VALUES ('GA13','TT14','10 phut');
INSERT INTO DIEM_DUNG(MA_GA,MA_TUYEN,THOI_GIAN_DUNG) VALUES ('GA15','TT15','10 phut');
INSERT INTO DIEM_DUNG(MA_GA,MA_TUYEN,THOI_GIAN_DUNG) VALUES ('GA16','TT15','10 phut');
INSERT INTO DIEM_DUNG(MA_GA,MA_TUYEN,THOI_GIAN_DUNG) VALUES ('GA17','TT17','10 phut');
INSERT INTO DIEM_DUNG(MA_GA,MA_TUYEN,THOI_GIAN_DUNG) VALUES ('GA18','TT18','10 phut');
INSERT INTO DIEM_DUNG(MA_GA,MA_TUYEN,THOI_GIAN_DUNG) VALUES ('GA11','TT19','10 phut');
INSERT INTO DIEM_DUNG(MA_GA,MA_TUYEN,THOI_GIAN_DUNG) VALUES ('GA11','TT20','10 phut');

--TABLE NHAN_VIEN

INSERT INTO NHAN_VIEN(MA_NV, HO_TEN, DIA_CHI, SO_DT, LUONG, MA_CN) VALUES('NV03','Hoang Minh Anh', 'Q2', '0834621786', '4500000', 'CN02');
INSERT INTO NHAN_VIEN(MA_NV, HO_TEN, DIA_CHI, SO_DT, LUONG, MA_CN) VALUES('NV05', 'Pham Thi Phuong Thap', 'Binh Thanh', '0834586874','4800000','CN02');

--INSERT TABLE KHACH_HANG
INSERT INTO KHACH_HANG(MA_KH, HO_TEN, SDT, CMND, LOAI_KH) VALUES ('KH01', 'Hoang Mai Chi', '0912675842', '241938421', 'HS-SV');
INSERT INTO KHACH_HANG(MA_KH, HO_TEN, SDT, CMND, LOAI_KH) VALUES ('KH02', 'Nguyen Minh An', NULL, '241863782','HS-SV');
INSERT INTO KHACH_HANG(MA_KH, HO_TEN, SDT, CMND, LOAI_KH) VALUES ('KH03', 'Nguyen Tuan Anh', '0923463675', NULL,'HS-SV');
INSERT INTO KHACH_HANG(MA_KH, HO_TEN, SDT, CMND, LOAI_KH) VALUES ('KH04', 'Tran Pham Gia Bao', '0825347863', '241934782','HS-SV');
INSERT INTO KHACH_HANG(MA_KH, HO_TEN, SDT, CMND, LOAI_KH) VALUES ('KH05', 'Pham Thi Thanh Xuan', NULL, NULL,'Nguoi cao tuoi (>65)');
INSERT INTO KHACH_HANG(MA_KH, HO_TEN, SDT, CMND, LOAI_KH) VALUES ('KH06', 'Hoang Anh Tuan', '0975367295', '241673682','Nguoi cao tuoi (>65)');
INSERT INTO KHACH_HANG(MA_KH, HO_TEN, SDT, CMND, LOAI_KH) VALUES ('KH07', 'Tran Minh Tam', '0824573864', '241963322','Nguoi cao tuoi (>65)');
INSERT INTO KHACH_HANG(MA_KH, HO_TEN, SDT, CMND, LOAI_KH) VALUES ('KH08', 'Phan Thi Kim Oanh', NULL, '249855782','Nguoi cao tuoi (>65)');
INSERT INTO KHACH_HANG(MA_KH, HO_TEN, SDT, CMND, LOAI_KH) VALUES ('KH09', 'Hoang Thi Minh Thao', '0735279427', NULL,'Tre em (5-10)');
INSERT INTO KHACH_HANG(MA_KH, HO_TEN, SDT, CMND, LOAI_KH) VALUES ('KH10', 'Nguyen Kim Chi', NULL, '241964722','Tre em (5-10)');
INSERT INTO KHACH_HANG(MA_KH, HO_TEN, SDT, CMND, LOAI_KH) VALUES ('KH11', 'Le Hoang Nguyen', '0924657282', '241763735', 'Tre em (5-10)');
INSERT INTO KHACH_HANG(MA_KH, HO_TEN, SDT, CMND, LOAI_KH) VALUES ('KH12', 'Nguyen Quang Dai', NULL, NULL,'Tre em (5-10)');
INSERT INTO KHACH_HANG(MA_KH, HO_TEN, SDT, CMND, LOAI_KH) VALUES ('KH13', 'Nguyen Minh An', 'NULL', '241163422','Tre nho (<5)');
INSERT INTO KHACH_HANG(MA_KH, HO_TEN, SDT, CMND, LOAI_KH) VALUES ('KH14', 'Do Ngoc An', 'NULL', '241263342','Tre nho (<5)');
INSERT INTO KHACH_HANG(MA_KH, HO_TEN, SDT, CMND, LOAI_KH) VALUES ('KH15', 'Nguyen Huu Truong', '0934758234', '241233781','Tre nho (<5)');
INSERT INTO KHACH_HANG(MA_KH, HO_TEN, SDT, CMND, LOAI_KH) VALUES ('KH16', 'Nguyen Thi Hanh', '0364826447', '241863782', 'Tre nho (<5)');
INSERT INTO KHACH_HANG(MA_KH, HO_TEN, SDT, CMND, LOAI_KH) VALUES ('KH17', 'Do Thanh Phuc', '0347582428', NULL,'Nguoi khuyet tat');
INSERT INTO KHACH_HANG(MA_KH, HO_TEN, SDT, CMND, LOAI_KH) VALUES ('KH18', 'Ngo Duc Thinh', '0347545462', '234524524','Nguoi khuyet tat');
INSERT INTO KHACH_HANG(MA_KH, HO_TEN, SDT, CMND, LOAI_KH) VALUES ('KH19', 'Tran Van Hoang', '0848242835', '293424592','Nguoi khuyet tat');
INSERT INTO KHACH_HANG(MA_KH, HO_TEN, SDT, CMND, LOAI_KH) VALUES ('KH20', 'Nguyen Thi Hoa', '0947232428', NULL,'Nguoi khuyet tat');


--TABLE VE

alter session set nls_date_format = 'mm/dd/yyyy hh24:mi:ss';

INSERT INTO VE(MA_VE,TRI_GIA,MA_TUYEN,NGAY_MUA,MA_KH,MA_NV,LOAI_VE) VALUES ('VE11',700000,'TT11','11/11/2021','KH11','NV03','Ve Thang');
INSERT INTO VE(MA_VE,TRI_GIA,MA_TUYEN,NGAY_MUA,MA_KH,MA_NV,LOAI_VE) VALUES ('VE12',700000,'TT12','11/12/2021','KH12','NV03','Ve Thang');
INSERT INTO VE(MA_VE,TRI_GIA,MA_TUYEN,NGAY_MUA,MA_KH,MA_NV,LOAI_VE) VALUES ('VE13',700000,'TT13','11/13/2021','KH13','NV05','Ve Thang');
INSERT INTO VE(MA_VE,TRI_GIA,MA_TUYEN,NGAY_MUA,MA_KH,MA_NV,LOAI_VE) VALUES ('VE14',700000,'TT14','11/14/2021','KH14','NV03','Ve Thang');
INSERT INTO VE(MA_VE,TRI_GIA,MA_TUYEN,NGAY_MUA,MA_KH,MA_NV,LOAI_VE) VALUES ('VE15',700000,'TT15','11/15/2021','KH15','NV05','Ve Thang');
INSERT INTO VE(MA_VE,TRI_GIA,MA_TUYEN,NGAY_MUA,MA_KH,MA_NV,LOAI_VE) VALUES ('VE16',700000,'TT16','11/16/2021','KH16','NV05','Ve Thang');
INSERT INTO VE(MA_VE,TRI_GIA,MA_TUYEN,NGAY_MUA,MA_KH,MA_NV,LOAI_VE) VALUES ('VE17',700000,'TT17','11/17/2021','KH17','NV05','Ve Thang');
INSERT INTO VE(MA_VE,TRI_GIA,MA_TUYEN,NGAY_MUA,MA_KH,MA_NV,LOAI_VE) VALUES ('VE18',700000,'TT18','11/18/2021','KH18','NV05','Ve Thang');
INSERT INTO VE(MA_VE,TRI_GIA,MA_TUYEN,NGAY_MUA,MA_KH,MA_NV,LOAI_VE) VALUES ('VE19',700000,'TT19','11/19/2021','KH19','NV05','Ve Thang');
INSERT INTO VE(MA_VE,TRI_GIA,MA_TUYEN,NGAY_MUA,MA_KH,MA_NV,LOAI_VE) VALUES ('VE20',700000,'TT20','11/20/2021','KH20','NV05','Ve Thang');
INSERT INTO VE(MA_VE,TRI_GIA,MA_TUYEN,NGAY_MUA,MA_KH,MA_NV,LOAI_VE) VALUES ('VE21',30000,'TT15','11/21/2021','KH20','NV05','Ve Thuong');
INSERT INTO VE(MA_VE,TRI_GIA,MA_TUYEN,NGAY_MUA,MA_KH,MA_NV,LOAI_VE) VALUES ('VE22',700000,'TT13','11/22/2021','KH08','NV05','Ve Thang');
INSERT INTO VE(MA_VE,TRI_GIA,MA_TUYEN,NGAY_MUA,MA_KH,MA_NV,LOAI_VE) VALUES ('VE23',30000,'TT11','11/23/2021','KH09','NV03','Ve Thuong');
INSERT INTO VE(MA_VE,TRI_GIA,MA_TUYEN,NGAY_MUA,MA_KH,MA_NV,LOAI_VE) VALUES ('VE31',30000,'TT18','11/26/2021','KH03','NV05','Ve Thuong');
INSERT INTO VE(MA_VE,TRI_GIA,MA_TUYEN,NGAY_MUA,MA_KH,MA_NV,LOAI_VE) VALUES ('VE32',30000,'TT18','11/27/2021','KH20','NV05','Ve Thuong');
INSERT INTO VE(MA_VE,TRI_GIA,MA_TUYEN,NGAY_MUA,MA_KH,MA_NV,LOAI_VE) VALUES ('VE33',700000,'TT20','11/27/2021','KH08','NV03','Ve Thang');
INSERT INTO VE(MA_VE,TRI_GIA,MA_TUYEN,NGAY_MUA,MA_KH,MA_NV,LOAI_VE) VALUES ('VE34',700000,'TT18','11/27/2021','KH04','NV03','Ve Thang');
INSERT INTO VE(MA_VE,TRI_GIA,MA_TUYEN,NGAY_MUA,MA_KH,MA_NV,LOAI_VE) VALUES ('VE35',35000,'TT19','11/28/2021','KH20','NV03','Ve Thuong');
INSERT INTO VE(MA_VE,TRI_GIA,MA_TUYEN,NGAY_MUA,MA_KH,MA_NV,LOAI_VE) VALUES ('VE36',35000,'TT16','11/28/2021','KH03','NV05','Ve Thuong');
INSERT INTO VE(MA_VE,TRI_GIA,MA_TUYEN,NGAY_MUA,MA_KH,MA_NV,LOAI_VE) VALUES ('VE37',35000,'TT16','11/28/2021','KH07','NV03','Ve Thuong');
INSERT INTO VE(MA_VE,TRI_GIA,MA_TUYEN,NGAY_MUA,MA_KH,MA_NV,LOAI_VE) VALUES ('VE38',700000,'TT14','11/28/2021','KH02','NV05','Ve Thang');
INSERT INTO VE(MA_VE,TRI_GIA,MA_TUYEN,NGAY_MUA,MA_KH,MA_NV,LOAI_VE) VALUES ('VE39',45000,'TT14','11/29/2021','KH20','NV03','Ve Thuong');
INSERT INTO VE(MA_VE,TRI_GIA,MA_TUYEN,NGAY_MUA,MA_KH,MA_NV,LOAI_VE) VALUES ('VE40',45000,'TT14','11/29/2021','KH17','NV05','Ve Thuong');
INSERT INTO VE(MA_VE,TRI_GIA,MA_TUYEN,NGAY_MUA,MA_KH,MA_NV,LOAI_VE) VALUES ('VE41',700000,'TT15','11/29/2021','KH19','NV03','Ve Thang');
INSERT INTO VE(MA_VE,TRI_GIA,MA_TUYEN,NGAY_MUA,MA_KH,MA_NV,LOAI_VE) VALUES ('VE42',700000,'TT13','11/29/2021','KH06','NV03','Ve Thang');
INSERT INTO VE(MA_VE,TRI_GIA,MA_TUYEN,NGAY_MUA,MA_KH,MA_NV,LOAI_VE) VALUES ('VE50',30000,'TT17','11/30/2021','KH20','NV03','Ve Thuong');

--TABLE VE_THUONG

INSERT INTO VE_THUONG(MA_VE ,THOI_DIEM_DUNG_VE ,TINH_TRANG_VE,MA_KH) VALUES ('VE21','11/24/2021','Da Su Dung','KH20');
INSERT INTO VE_THUONG(MA_VE ,THOI_DIEM_DUNG_VE ,TINH_TRANG_VE,MA_KH) VALUES ('VE23',NULL,'Chua Su Dung','KH09');
INSERT INTO VE_THUONG(MA_VE ,THOI_DIEM_DUNG_VE ,TINH_TRANG_VE,MA_KH) VALUES ('VE31','11/27/2021','Da Su Dung','KH03');
INSERT INTO VE_THUONG(MA_VE ,THOI_DIEM_DUNG_VE ,TINH_TRANG_VE,MA_KH) VALUES ('VE32','11/27/2021','Da Su Dung','KH20');
INSERT INTO VE_THUONG(MA_VE ,THOI_DIEM_DUNG_VE ,TINH_TRANG_VE,MA_KH) VALUES ('VE35','11/29/2021','Da Su Dung','KH20');
INSERT INTO VE_THUONG(MA_VE ,THOI_DIEM_DUNG_VE ,TINH_TRANG_VE,MA_KH) VALUES ('VE36',NULL,'Chua Su Dung','KH03');
INSERT INTO VE_THUONG(MA_VE ,THOI_DIEM_DUNG_VE ,TINH_TRANG_VE,MA_KH) VALUES ('VE37','11/29/2021','Da Su Dung','KH07');
INSERT INTO VE_THUONG(MA_VE ,THOI_DIEM_DUNG_VE ,TINH_TRANG_VE,MA_KH) VALUES ('VE39',NULL,'Chua Su Dung','KH20');
INSERT INTO VE_THUONG(MA_VE ,THOI_DIEM_DUNG_VE ,TINH_TRANG_VE,MA_KH) VALUES ('VE40','11/29/2021','Da Su Dung','KH17');
INSERT INTO VE_THUONG(MA_VE ,THOI_DIEM_DUNG_VE ,TINH_TRANG_VE,MA_KH) VALUES ('VE50',NULL,'Chua Su Dung','KH20');

--TABLE VE_THANG

INSERT INTO VE_THANG(MA_VE ,SO_LAN_SU_DUNG,TINH_TRANG_VE,NGAY_BAT_DAU,NGAY_KET_THUC,MA_KH) VALUES ('VE11',2,'Con Han','11/11/2021','12/11/2021','KH11');
INSERT INTO VE_THANG(MA_VE ,SO_LAN_SU_DUNG,TINH_TRANG_VE,NGAY_BAT_DAU,NGAY_KET_THUC,MA_KH) VALUES ('VE12',2,'Con Han','11/12/2021','12/12/2021','KH12');
INSERT INTO VE_THANG(MA_VE ,SO_LAN_SU_DUNG,TINH_TRANG_VE,NGAY_BAT_DAU,NGAY_KET_THUC,MA_KH) VALUES ('VE13',2,'Con Han','11/13/2021','12/13/2021','KH13');
INSERT INTO VE_THANG(MA_VE ,SO_LAN_SU_DUNG,TINH_TRANG_VE,NGAY_BAT_DAU,NGAY_KET_THUC,MA_KH) VALUES ('VE14',2,'Con Han','11/14/2021','12/14/2021','KH14');
INSERT INTO VE_THANG(MA_VE ,SO_LAN_SU_DUNG,TINH_TRANG_VE,NGAY_BAT_DAU,NGAY_KET_THUC,MA_KH) VALUES ('VE15',2,'Con Han','11/15/2021','12/15/2021','KH15');
INSERT INTO VE_THANG(MA_VE ,SO_LAN_SU_DUNG,TINH_TRANG_VE,NGAY_BAT_DAU,NGAY_KET_THUC,MA_KH) VALUES ('VE16',2,'Con Han','11/16/2021','12/16/2021','KH16');
INSERT INTO VE_THANG(MA_VE ,SO_LAN_SU_DUNG,TINH_TRANG_VE,NGAY_BAT_DAU,NGAY_KET_THUC,MA_KH) VALUES ('VE17',2,'Con Han','11/17/2021','12/17/2021','KH17');
INSERT INTO VE_THANG(MA_VE ,SO_LAN_SU_DUNG,TINH_TRANG_VE,NGAY_BAT_DAU,NGAY_KET_THUC,MA_KH) VALUES ('VE18',2,'Con Han','11/18/2021','12/18/2021','KH18');
INSERT INTO VE_THANG(MA_VE ,SO_LAN_SU_DUNG,TINH_TRANG_VE,NGAY_BAT_DAU,NGAY_KET_THUC,MA_KH) VALUES ('VE19',2,'Con Han','11/19/2021','12/19/2021','KH19');
INSERT INTO VE_THANG(MA_VE ,SO_LAN_SU_DUNG,TINH_TRANG_VE,NGAY_BAT_DAU,NGAY_KET_THUC,MA_KH) VALUES ('VE20',2,'Con Han','11/20/2021','12/20/2021','KH20');
INSERT INTO VE_THANG(MA_VE ,SO_LAN_SU_DUNG,TINH_TRANG_VE,NGAY_BAT_DAU,NGAY_KET_THUC,MA_KH) VALUES ('VE22',2,'Con Han','11/22/2021','12/22/2021','KH08');
INSERT INTO VE_THANG(MA_VE ,SO_LAN_SU_DUNG,TINH_TRANG_VE,NGAY_BAT_DAU,NGAY_KET_THUC,MA_KH) VALUES ('VE33',2,'Con Han','11/27/2021','12/27/2021','KH08');
INSERT INTO VE_THANG(MA_VE ,SO_LAN_SU_DUNG,TINH_TRANG_VE,NGAY_BAT_DAU,NGAY_KET_THUC,MA_KH) VALUES ('VE34',2,'Con Han','11/27/2021','12/27/2021','KH04');
INSERT INTO VE_THANG(MA_VE ,SO_LAN_SU_DUNG,TINH_TRANG_VE,NGAY_BAT_DAU,NGAY_KET_THUC,MA_KH) VALUES ('VE38',2,'Con Han','11/28/2021','12/28/2021','KH02');
INSERT INTO VE_THANG(MA_VE ,SO_LAN_SU_DUNG,TINH_TRANG_VE,NGAY_BAT_DAU,NGAY_KET_THUC,MA_KH) VALUES ('VE41',2,'Con Han','11/29/2021','12/29/2021','KH19');
INSERT INTO VE_THANG(MA_VE ,SO_LAN_SU_DUNG,TINH_TRANG_VE,NGAY_BAT_DAU,NGAY_KET_THUC,MA_KH) VALUES ('VE42',2,'Con Han','11/29/2021','12/29/2021','KH06');

--TABLE THOI_DIEM_SU_DUNG

INSERT INTO THOI_DIEM_SU_DUNG(MA_VE,NGAY) VALUES ('VE11','11/12/2021');
INSERT INTO THOI_DIEM_SU_DUNG(MA_VE,NGAY) VALUES ('VE11','11/13/2021');
INSERT INTO THOI_DIEM_SU_DUNG(MA_VE,NGAY) VALUES ('VE12','11/13/2021');
INSERT INTO THOI_DIEM_SU_DUNG(MA_VE,NGAY) VALUES ('VE12','11/14/2021'); 
INSERT INTO THOI_DIEM_SU_DUNG(MA_VE,NGAY) VALUES ('VE13','11/14/2021');
INSERT INTO THOI_DIEM_SU_DUNG(MA_VE,NGAY) VALUES ('VE13','11/15/2021');
INSERT INTO THOI_DIEM_SU_DUNG(MA_VE,NGAY) VALUES ('VE14','11/15/2021');
INSERT INTO THOI_DIEM_SU_DUNG(MA_VE,NGAY) VALUES ('VE14','11/16/2021');
INSERT INTO THOI_DIEM_SU_DUNG(MA_VE,NGAY) VALUES ('VE15','11/16/2021');
INSERT INTO THOI_DIEM_SU_DUNG(MA_VE,NGAY) VALUES ('VE15','11/17/2021');
INSERT INTO THOI_DIEM_SU_DUNG(MA_VE,NGAY) VALUES ('VE16','11/17/2021');
INSERT INTO THOI_DIEM_SU_DUNG(MA_VE,NGAY) VALUES ('VE16','11/18/2021');
INSERT INTO THOI_DIEM_SU_DUNG(MA_VE,NGAY) VALUES ('VE17','11/18/2021');
INSERT INTO THOI_DIEM_SU_DUNG(MA_VE,NGAY) VALUES ('VE17','11/19/2021');
INSERT INTO THOI_DIEM_SU_DUNG(MA_VE,NGAY) VALUES ('VE18','11/19/2021');
INSERT INTO THOI_DIEM_SU_DUNG(MA_VE,NGAY) VALUES ('VE18','11/20/2021');
INSERT INTO THOI_DIEM_SU_DUNG(MA_VE,NGAY) VALUES ('VE19','11/20/2021');
INSERT INTO THOI_DIEM_SU_DUNG(MA_VE,NGAY) VALUES ('VE19','11/21/2021');
INSERT INTO THOI_DIEM_SU_DUNG(MA_VE,NGAY) VALUES ('VE20','11/21/2021');
INSERT INTO THOI_DIEM_SU_DUNG(MA_VE,NGAY) VALUES ('VE20','11/22/2021');
INSERT INTO THOI_DIEM_SU_DUNG(MA_VE,NGAY) VALUES ('VE22','11/23/2021');
INSERT INTO THOI_DIEM_SU_DUNG(MA_VE,NGAY) VALUES ('VE22','11/24/2021');
INSERT INTO THOI_DIEM_SU_DUNG(MA_VE,NGAY) VALUES ('VE33','11/28/2021');
INSERT INTO THOI_DIEM_SU_DUNG(MA_VE,NGAY) VALUES ('VE33','11/28/2021');
INSERT INTO THOI_DIEM_SU_DUNG(MA_VE,NGAY) VALUES ('VE34','11/28/2021');
INSERT INTO THOI_DIEM_SU_DUNG(MA_VE,NGAY) VALUES ('VE34','11/29/2021');
INSERT INTO THOI_DIEM_SU_DUNG(MA_VE,NGAY) VALUES ('VE38','11/30/2021');
INSERT INTO THOI_DIEM_SU_DUNG(MA_VE,NGAY) VALUES ('VE38','12/01/2021');
INSERT INTO THOI_DIEM_SU_DUNG(MA_VE,NGAY) VALUES ('VE41','12/01/2021');
INSERT INTO THOI_DIEM_SU_DUNG(MA_VE,NGAY) VALUES ('VE41','12/02/2021');
INSERT INTO THOI_DIEM_SU_DUNG(MA_VE,NGAY) VALUES ('VE42','12/03/2021');
INSERT INTO THOI_DIEM_SU_DUNG(MA_VE,NGAY) VALUES ('VE42','12/03/2021');


COMMIT;
